"","Profile","Gender","Type","State","UW","W","M","CR","WT","Rank","ACT","Status","EA.ED","Legacy","Athlete"
"2","2HyoC","Male","Public","VA",3.6,4.03,750,760,650,"","37 of 340","Will Attend","X","",""
"4","38x3n","Female","Public","NY",4,4.3,700,710,750,"34","3 of 163","Accepted","","",""
"8","4ZNc6","Female","Public","PA",4,4.36,710,690,790,"","1 of 346","Will Attend","","",""
"12","6xVvp","Female","Public","CO",3,3.2,500,720,670,"27","Top 50%","Denied","","",""
"16","7081pcq","Male","Public","NM",3.42,4.11,700,700,730,"","92 of 463","Will Attend","X","",""
"20","7g7kf","Female","Public","MA",3.8,4.3,710,620,730,"32","7 of 300","Wait-Listed","","",""
"22","7tpvk","Female","Private","TX",4,4.08,670,660,750,"","5 of 82","Accepted","","",""
"24","8585888z","Female","Public","VA",3.6,3.8,540,670,670,"","43 of 402","Denied","","",""
"26","8hS5C","Male","Public","HI",4,4.5,610,690,630,"30","1 of 260","Accepted","","",""
"28","9QxAe","Female","Private","NV",3.93,4.02,600,600,700,"","Top 10%","Denied","","",""
"30","Ajg8k","Male","Public","NY",4,4,620,730,770,"31","DR","Accepted","","",""
"32","allie","Female","Public","PA",3.5,3.7,670,660,610,"","41 of 296","Accepted","","",""
"38","awokQ","Male","Public","MI",3.98,4.3,650,700,800,"31","1 of 438","Will Attend","X","",""
"42","Bnd7M","Male","Public","NY",4,4.3,670,720,750,"30","4 of 96","Denied","","",""
"44","btBiy","Male","Public","NJ",3.9,3.9,640,760,730,"32","47 of 368","Denied","","",""
"48","Candid2008","Female","Public","NY",3.55,4,540,530,530,"20","2 of 209","Will Attend","","",""
"50","CEM712","Male","Public","CA",3.97,4.3,700,640,660,"31","15 of 528","Accepted","","","X"
"52","cjLkm","Female","Public","CA",3.83,4.35,590,610,680,"28","4 of 465","Accepted","","",""
"54","cornflowerblue","Female","Home","CA",3.93,4.39,570,650,690,"","Top 10%","Denied","","",""
"62","Dn2Un","Female","Public","CA",3.4,3.8,550,770,680,"","184 of 657","Accepted","","",""
"66","ebluh","Female","Public","NY",3.8,4,650,500,550,"","65 of 864","Denied","","",""
"68","FAjmh","Female","Public","NJ",3.6,3.8,630,680,640,"","202 of 769","Will Attend","","",""
"74","G3sAe","Female","Public","MA",3.9,5,680,700,740,"","Top 10%","Accepted","","",""
"78","g6dkK","Male","Public","PA",3.52,3.6,800,710,650,"","71 of 437","Denied","","",""
"80","GDa3Y","Male","Public","CA",3.75,4.25,630,790,600,"","20 of 660","Accepted","","",""
"84","glaze","Male","Public","PA",3.8,4.6,600,770,720,"34","8 of 740","Accepted","","",""
"86","hcjGY","Male","Public","CA",3.5,3.84,730,510,560,"","73 of 809","Denied","","",""
"88","Hy4nt","Female","Public","NY",3.7,4,620,630,610,"27","26 of 360","Accepted","","",""
"90","hZmoD","Female","Public","AZ",4,5,660,670,750,"32","42 of 623","Will Attend","","",""
"94","inkyink","Female","Public","NJ",4,4.35,680,760,680,"","Top 10%","Accepted","","",""
"96","ishy","Female","Public","NJ",4,4.88,740,760,800,"34","1 of 361","Accepted","","",""
"98","iT3qy","Female","Public","IL",3.98,4.97,780,690,700,"35","DR","Accepted","","",""
"102","9785367","Female","Public","MD",3.8,4.4,620,720,670,"","DR","Accepted","X","",""
"104","1clover","Female","Public","FL",3.65,5,720,690,740,"32","DR","Accepted","","",""
"106","1wokd","Female","Public","MD",3.91,4.33,720,710,730,"32","16 of 435","Accepted","","",""
"108","2H4N4","Female","Parochial","NJ",3.8,4.2,670,630,650,"","Top 25%","Accepted","","",""
"114","4Z5qe","Female","Private","",3.8,3.9,700,720,700,"","5 of 131","Accepted","","",""
"120","6SwoR","Female","Public","MD",3.5,4.2,650,680,680,"","83 of 384","Accepted","","",""
"122","6V5ju","Female","Public","NY",3.7,3.9,750,750,710,"","25 of 873","Accepted","","",""
"128","8Vy7g","Male","Public","PA",3.52,4.14,630,720,710,"","Top 10%","Accepted","","",""
"130","AAAAAA","Male","Public","MD",3.98,4.7,770,650,690,"","DR","Accepted","","",""
"132","adammarre","Male","Public","NY",3.8,3.8,640,630,560,"28","50 of 321","Accepted","","",""
"136","ashwiniwest","Male","Public","NJ",3.15,3.34,700,640,660,"","157 of 457","Wait-Listed","","",""
"138","BroadwayBaby","Female","Public","FL",3.78,5,650,780,630,"","3 of 312","Denied","","",""
"140","bXzuW","Male","Public","NJ",3.5,3.7,720,670,690,"32","Top 50%","Denied","","",""
"144","CAS425","Female","Public","NC",3.83,4.71,720,730,720,"","18 of 611","Accepted","X","",""
"148","CHschwab","Male","Home","CA",4,4.09,740,750,730,"","2 of 24","Accepted","","",""
"150","CkasN","Female","Public","NY",3.7,3.8,650,610,640,"","92 of 850","Denied","X","",""
"152","cman","Male","Public","NJ",3.85,4.38,800,620,800,"31","36 of 380","Accepted","","",""
"156","cs8ir","Female","Public","AZ",4,4.6,780,710,740,"34","14 of 537","Accepted","","",""
"158","dBrXV","Female","Private","OH",3.7,4,690,760,790,"29","Top 10%","Accepted","","",""
"160","DEMBq","Male","Public","NY",3.6,4.5,700,730,670,"","DR","Denied","X","",""
"162","EaglesfanTD","Male","Public","NV",3.56,4.3,600,610,600,"28","33 of 337","Accepted","","",""
"164","eb1990","Female","Public","CA",3.98,4.71,690,590,610,"33","1 of 617","Accepted","","",""
"166","eERtw","Female","Public","MA",3.74,4.2,750,630,660,"","DR","Accepted","","",""
"170","erinyes","Female","Public","WA",3.97,4.52,650,690,690,"30","Top 10%","Accepted","","",""
"174","Fqoi3","Male","Private","CA",3.86,4.1,690,540,610,"27","Top 25%","Will Attend","","",""
"180","gLTGV","Male","Private","NY",3.9,3.9,670,760,680,"31","38 of 336","Accepted","","",""
"184","Gma149","Female","Public","PA",3.8,4.3,690,750,730,"","Top 10%","Accepted","","",""
"192","ILuvMT","Female","Public","CO",3.55,4.13,640,620,580,"30","73 of 555","Denied","","",""
"198","Jewman","Male","Public","MI",3.6,3.6,690,720,740,"32","DR","Accepted","","",""
"202","1more","Male","Public","CT",3.6,3.8,750,650,530,"","DR","Accepted","","",""
"206","36g9X","Male","Public","NV",4,4.6,700,770,800,"","4 of 446","Accepted","","",""
"210","6uEFt","Female","Public","CA",3.7,4.1,800,740,760,"","DR","Accepted","","",""
"214","9q8zY","Female","Public","CA",4,5,720,720,800,"","1 of 461","Denied","","",""
"216","abcdefg","Female","Public","FL",3.4,5,500,600,570,"","24 of 675","Denied","","",""
"218","Aftf7","Male","Private","IL",3.8,4.6,740,750,730,"34","9 of 440","Accepted","","",""
"220","Ahmed","Male","Public","NY",3.75,4,620,480,530,"","Top 25%","Will Attend","","",""
"224","aXc52","Female","Public","NJ",3.9,4.4,660,710,720,"","9 of 153","Will Attend","","X",""
"226","aYQ2Q","Female","Public","PA",4,4.86,790,610,700,"","DR","Accepted","","",""
"228","B5CE5","Male","Public","NJ",3.6,4.7,720,680,680,"","18 of 500","Will Attend","X","",""
"230","BAycC","Female","Public","MD",3.5,4,600,740,770,"","DR","Accepted","","",""
"232","bgpYg","Male","Public","CA",3.82,4.22,630,580,680,"28","25 of 606","Will Attend","X","",""
"234","bmya5","Female","Public","ME",3.7,4,640,670,770,"","8 of 160","Accepted","","",""
"236","bYfQN","Male","Private","NJ",3.92,4.7,700,740,700,"30","DR","Accepted","","",""
"242","CLagera","Male","Public","FL",3.5,4.1,630,700,660,"32","33 of 410","Denied","","",""
"246","Comm2010","Female","Public","NY",3.6,4,460,580,560,"25","DR","Denied","","",""
"248","crsgrl","Female","Parochial","CA",3.5,3.66,680,780,800,"","Top 50%","Denied","","",""
"250","CVppr","Male","Private","CT",3.3,3.5,600,580,590,"","DR","Will Attend","","",""
"252","d7pqP","Female","Public","CA",3.7,4.12,640,640,730,"29","7 of 240","Accepted","","",""
"254","dNzpF","Male","Public","NY",4,5,800,720,800,"","1 of 171","Accepted","","X",""
"258","elle","Female","Public","NY",3.67,3.88,680,690,640,"31","42 of 421","Accepted","","",""
"260","FN8PV","Female","Public","CA",3.84,4.25,610,660,700,"29","24 of 601","Accepted","","",""
"262","georgefong","Female","Public","CA",3.81,4.06,730,740,760,"","Top 25%","Accepted","","",""
"264","hf8wh","Male","Public","CT",3.98,4.75,770,800,700,"","20 of 440","Accepted","","",""
"266","Hola","Female","Public","FL",4,5,650,580,550,"26","Top 10%","Denied","","",""
"268","hvMAY","Female","Public","NY",3.64,3.88,630,680,800,"","40 of 350","Accepted","","",""
"270","iDW6S","Female","Public","NJ",3.7,4.3,650,540,590,"","","Will Attend","","",""
"274","j7Wa4","Female","Private","MI",3.82,4.12,730,700,730,"31","Top 25%","Will Attend","","",""
"278","Jj3992","Male","Public","AZ",3.61,4.12,670,670,600,"","23 of 457","Accepted","","",""
"280","khan","Female","Public","NJ",3.47,4.08,660,720,740,"","DR","Denied","","",""
"282","KvwSp","Male","Private","VT",3.27,4.18,790,430,480,"","63 of 202","Denied","","",""
"284","LwKiH","Female","Public","PA",4,4.3,750,710,750,"32","Top 10%","Accepted","","",""
"288","m9fzk","Female","Public","NJ",3.82,3.82,650,640,770,"28","DR","Wait-Listed","","",""
"290","meh","Female","Public","PA",3.5,3.9,600,790,800,"","45 of 480","Accepted","","",""
"294","MsKRH","Male","Public","NY",3.1,3.3,500,490,510,"","Top 50%","Accepted","","",""
"296","nfs222","Male","Public","CA",4,4.44,800,770,760,"35","1 of 581","Accepted","X","",""
"298","NuFcq","Female","Public","CA",3.71,4.37,720,660,710,"33","Top 25%","Will Attend","","",""
"300","oUwt8","Male","Public","PA",3.8,4.36,800,680,690,"","DR","Accepted","","",""
"302","17andSassy","Female","Public","CA",3.66,4.02,540,680,710,"28","72 of 350","Will Attend","","",""
"304","2wnoH","Female","Public","FL",3.5,4.4,700,570,580,"","Top 25%","Will Attend","","",""
"306","4bVfb","Male","Private","FL",4,4.97,690,660,650,"30","2 of 290","Accepted","","",""
"308","4UHQq","Male","Public","SC",4,5,680,730,700,"31","1 of 225","Will Attend","X","",""
"310","5EPWu","Female","Public","AK",3.4,3.55,560,560,560,"","78 of 423","Denied","","",""
"314","6Mv6t","Female","Public","NJ",4,4.8,650,700,660,"32","2 of 600","Will Attend","","",""
"316","7DWsq","Male","Public","NJ",3.34,4.02,570,540,550,"","35 of 620","Denied","","",""
"318","9QSXB","Female","Public","FL",3.84,4.21,680,620,550,"","34 of 697","Accepted","","",""
"322","AH9342","Male","Public","MD",3.76,4.52,620,640,710,"","DR","Accepted","","",""
"324","aJ2bZ","Male","Private","CA",3.25,4,660,640,620,"","DR","Will Attend","","","X"
"328","am3ricanst0rm","Male","Public","KY",3.9,4,690,710,710,"33","21 of 250","Accepted","","",""
"330","Anjika","Female","Private","",3.9,3.75,680,690,680,"31","DR","Will Attend","X","",""
"336","bHs11","Female","Public","NY",0,3.9,630,590,570,"","47 of 1032","Accepted","","",""
"342","Coolkid15","Male","Private","MD",4,5,800,800,800,"","1 of 295","Accepted","","","X"
"344","CWgna","Female","Public","FL",3.5,5,680,730,790,"","Top 10%","Accepted","","",""
"350","Dwtru","Female","Public","NV",3.9,4.8,720,700,740,"","6 of 364","Accepted","","",""
"354","dyKNA","Female","Public","GA",3.67,3.79,620,680,730,"","","Accepted","","",""
"356","eSeGx","Male","Public","CA",4,4.6,770,760,730,"","2 of 620","Accepted","","",""
"358","FBa9P","Female","Public","PA",3.85,4,570,580,550,"","Top 10%","Denied","","",""
"362","gepMv","Male","Public","CT",3.5,3.6,760,640,610,"","DR","Accepted","","",""
"364","GpsoH","Female","Public","RI",3.5,4.09,780,730,780,"","DR","Accepted","","",""
"366","GsSzE","Female","Public","PA",3.9,4.63,630,640,630,"","47 of 573","Accepted","","",""
"372","iFQHv","Male","Public","CA",3.5,3.62,630,640,570,"","160 of 640","Will Attend","X","",""
"380","kdBPB","Male","Private","TX",3.4,3.7,690,720,710,"30","Top 25%","Will Attend","X","",""
"382","kGqgT","Male","Public","CA",4,5,740,740,770,"29","1 of 500","Will Attend","","",""
"386","mEtaw","Male","Public","NJ",3.5,3.85,640,660,690,"27","60 of 390","Accepted","","",""
"388","mUEjj","Female","Public","NH",3.75,4.3,800,750,790,"","DR","Accepted","","",""
"392","nutXR","Female","Public","NJ",3.74,4.32,720,720,800,"","DR","Accepted","","",""
"396","pEELG","Female","Public","NY",3.8,3.8,640,480,520,"26","10 of 126","Will Attend","","",""
"398","pHYDL","Female","Public","NY",3.6,3.75,610,620,610,"28","Top 25%","Will Attend","","",""
"404","4KRyy","Male","Public","CA",3.71,3.92,780,740,790,"29","DR","Accepted","","",""
"406","5enA4","Female","Public","VA",3.83,4.3,680,720,770,"","Top 10%","Accepted","","",""
"414","84No7","Male","Public","NY",3.6,4.4,720,720,770,"","80 of 525","Will Attend","","",""
"420","apnxn","Female","Public","NY",3.84,4.1,690,650,660,"29","7 of 247","Accepted","","",""
"422","ApuUe","Male","Public","IN",3.5,4,640,750,710,"33","25 of 450","Wait-Listed","","",""
"424","avocadolover","Female","Public","CA",3.1,3.7,700,800,750,"31","Top 10%","Will Attend","","",""
"426","b767","Female","Public","CA",3.58,4,640,600,580,"24","70 of 410","Accepted","","",""
"428","bHJhy","Male","Public","VA",4,4.38,740,770,710,"","Top 10%","Accepted","","",""
"430","BigAJ","Male","Public","NY",3.4,4,640,550,530,"","64 of 300","Denied","","",""
"434","coltonf","Male","Public","IN",3.88,4.01,630,620,700,"","20 of 359","Accepted","","",""
"438","D2GGz","Male","Public","GA",3.7,3.8,500,660,680,"28","2 of 140","Wait-Listed","","",""
"440","domi","Female","Private","WA",3.4,3.6,800,670,800,"","DR","Will Attend","","",""
"442","gDkS8","Female","Private","CA",3.56,4.1,750,740,790,"","Top 10%","Will Attend","","",""
"444","ghGVQ","Female","Private","NY",3.96,3.96,790,710,710,"","Top 25%","Will Attend","","",""
"448","gtDU3","Male","Public","CA",3.7,3.9,700,690,670,"","DR","Will Attend","","",""
"450","h9RqV","Female","Public","PA",3.52,3.85,660,640,720,"30","","Accepted","X","",""
"454","JE2CL","Male","Public","CA",3.55,4.48,720,660,720,"32","DR","Accepted","","",""
"456","kc68J","Male","Public","OH",3.96,4.1,710,630,620,"29","Top 10%","Will Attend","","",""
"458","kH32Q","Male","Public","GA",3.6,4,700,710,680,"","Top 25%","Will Attend","X","",""
"468","Mrchitownsports","Male","Private","",3.8,4.9,620,580,640,"","4 of 120","Will Attend","X","",""
"472","orangecat","Female","Public","CA",4,4.3,660,780,790,"32","6 of 186","Accepted","","",""
"482","RSH","Female","Public","CA",3.7,3.86,580,670,630,"","24 of 220","Accepted","","",""
"484","rZomY","Male","Public","PA",3.3,3.7,540,580,500,"","306 of 556","Denied","X","",""
"486","snjh2","Female","Public","VA",3.42,3.72,690,640,620,"","DR","Accepted","","",""
"490","TEh2k","Female","Public","CA",3.46,3.88,750,710,660,"32","350 of 754","Accepted","","",""
"496","tXnjQ","Male","Private","CA",3.42,3.84,670,630,660,"","19 of 95","Wait-Listed","","",""
"498","U3oWc","Male","Public","CA",3.92,4.52,630,630,780,"","45 of 616","Accepted","","",""
"502","101824","Female","Public","VA",3.45,3.8,540,610,610,"","40 of 416","Denied","X","",""
"504","23WVr","Female","Public","PA",4,4,680,800,730,"","5 of 454","Accepted","","",""
"510","42ndrebel","Female","Public","CA",3.6,3.93,610,630,690,"","74 of 535","Wait-Listed","","",""
"512","4HPck","Female","Public","OR",4,4.21,660,670,740,"29","Top 10%","Will Attend","","",""
"518","5xyCj","Female","Public","NY",4,4,660,670,800,"","1 of 205","Accepted","","X",""
"522","7a3iy","Male","Public","MA",3.34,3.92,750,770,800,"","DR","Accepted","","",""
"526","8wC4p","Male","Public","CT",3.5,4.05,750,710,710,"33","47 of 265","Accepted","","",""
"530","ac8mN","Male","Parochial","NY",3.7,4,670,720,690,"32","7 of 332","Accepted","","",""
"534","Amrys","Female","Public","CA",3.9,4.2,650,690,750,"31","36 of 636","Accepted","","",""
"538","antman","Male","Public","NY",3.4,3.7,470,580,590,"24","138 of 748","Denied","","",""
"542","ashlakhi","Female","Parochial","",2.9,3,620,490,560,"","DR","Denied","X","",""
"546","Bq3m6","Female","Parochial","CA",3.92,4.1,600,610,600,"","30 of 124","Denied","X","X","X"
"548","brucewayne","Male","Public","PA",3.59,3.74,630,590,510,"","DR","Denied","","",""
"550","C3EnS","Male","Private","NY",3.7,4.6,740,630,640,"","DR","Accepted","","",""
"554","CgQUP","Female","Public","CA",3.9,4.5,770,760,800,"","Top 10%","Will Attend","","",""
"556","CkQYN","Female","Public","NY",3.7,3.8,720,680,680,"","DR","Wait-Listed","","",""
"558","CSQZh","Female","Public","AZ",3.9,4.2,620,610,520,"25","20 of 334","Denied","","",""
"560","dbdjY","Female","Public","NY",3.7,3.9,690,800,780,"33","DR","Will Attend","","",""
"562","DGmZu","Female","Public","GA",3.5,3.8,550,760,800,"32","37 of 493","Accepted","","",""
"564","djdapz","Male","Private","CO",3.67,3.91,750,640,650,"32","DR","Accepted","","",""
"566","DQX6U","Male","Public","NY",3.6,3.75,720,640,650,"","DR","Denied","X","",""
"572","Ellie","Female","Public","NY",4,4,740,660,760,"","DR","Accepted","","",""
"576","EwgHD","Female","Public","CA",3.86,4.08,610,610,630,"","35 of 271","Accepted","","",""
"578","eYtEt","Female","Public","NY",3.61,3.75,780,660,800,"","DR","Accepted","","",""
"580","F47A7","Female","Public","AK",4,5,600,590,590,"32","Top 10%","Will Attend","","X","X"
"584","FRIVERA","Male","Parochial","PR",3.8,3.8,560,570,550,"24","27 of 208","Will Attend","","",""
"586","G56Jm","Female","Public","VA",3.2,3.73,660,690,670,"28","Top 25%","Wait-Listed","","",""
"588","gc4wt","Female","Public","VA",3.7,3.88,670,610,610,"26","DR","Accepted","","",""
"590","GFKq5","Female","Public","CA",3.85,4.15,770,690,710,"33","Top 10%","Wait-Listed","","",""
"594","hozc4","Female","Public","GA",3.9,4,760,720,800,"","19 of 500","Will Attend","","",""
"596","J6kqo","Male","Public","NJ",3.44,3.6,630,630,650,"28","73 of 286","Accepted","","",""
"600","Jaimeem","Female","Public","LA",3.4,3.6,650,800,650,"32","72 of 275","Accepted","","",""
"602","102996","Female","Parochial","CA",3.3,3.7,600,710,670,"28","DR","Wait-Listed","","",""
"604","2CHwT","Male","","NY",3.79,4.43,800,690,800,"","4 of 424","Accepted","","",""
"608","2wAUH","Female","Public","TX",3.67,3.92,540,640,650,"27","109 of 780","Wait-Listed","","",""
"612","2ZnXv","Female","Public","NJ",3.8,4.2,660,650,650,"30","20 of 714","Accepted","","",""
"614","3FDTs","Male","","NY",3.3,3.3,800,800,780,"","DR","Accepted","","",""
"620","43ye5","Male","Public","CT",4,4.92,760,800,800,"","1 of 272","Accepted","","",""
"622","4H5Nv","Female","Public","CA",3.72,4.92,620,630,690,"29","9 of 781","Accepted","X","","X"
"624","4mTVm","Female","Public","AZ",4,4,530,600,560,"26","1 of 65","Accepted","","",""
"630","5sFBz","Female","Public","FL",3.6,4.17,620,680,720,"","Top 10%","Will Attend","","",""
"634","7kMxc","Female","Public","NY",4,5,730,770,750,"","15 of 281","Accepted","","",""
"636","7ZbrD","Female","Public","TX",3.8,4,500,700,600,"27","115 of 659","Denied","","",""
"642","946s6","Male","Public","NY",3.5,3.5,710,650,600,"28","110 of 850","Denied","","",""
"648","AxsqK","Female","Public","VA",4,4.4,560,690,730,"","15 of 253","Accepted","","",""
"650","AZTJb","Female","Private","",3.79,4.3,640,750,680,"","DR","Accepted","","",""
"658","c5H8R","Female","Public","PA",3.67,4.14,640,610,570,"","48 of 565","Denied","","",""
"664","CWaDm","Female","Public","VA",4,4.33,620,660,620,"28","38 of 438","Denied","","",""
"670","DasmenR","Female","Public","GA",3.91,4.12,580,520,510,"23","16 of 294","Denied","","",""
"672","data108","Female","Public","CA",3.96,4.23,720,710,790,"32","Top 10%","Accepted","","X",""
"674","Doge","Male","Public","NJ",3.4,3.9,660,670,610,"","Top 25%","Accepted","X","","X"
"676","DZjEF","Female","Public","NY",3.5,3.7,660,590,590,"","Top 50%","Denied","","",""
"682","eTRfk","Male","Parochial","NY",3.98,4.97,670,600,610,"26","3 of 44","Denied","","",""
"684","GiovannaM","Female","Public","CT",4,4,570,590,660,"29","Top 10%","Denied","","",""
"686","gkRgx","Female","Parochial","AZ",3.7,4.5,540,480,510,"24","11 of 99","Denied","","",""
"688","gordon","Female","Public","NJ",3.2,3.3,630,660,610,"","DR","Accepted","","X",""
"690","gqEm5","Female","Private","NJ",3.5,3.7,740,610,730,"32","DR","Accepted","","",""
"694","henrik","Male","Public","NC",3.98,5,790,800,800,"34","3 of 630","Accepted","","",""
"702","4GZkG","Female","Public","CA",3.89,4.23,800,750,700,"","8 of 500","Accepted","","",""
"704","4YPLe","Female","Public","NY",3.7,3.7,620,800,730,"","Top 10%","Accepted","","",""
"708","5wKNt","Female","Public","NC",3.99,4.83,730,800,780,"34","10 of 286","Will Attend","","X",""
"710","6dT58","Female","Parochial","NJ",3.82,3.86,580,680,700,"","DR","Denied","","",""
"712","74VE6","Male","Parochial","OH",3.9,4.1,790,510,590,"28","4 of 66","Denied","","",""
"714","7zff4","Female","Public","NY",3.55,3.65,710,680,630,"29","47 of 233","Accepted","","",""
"716","899VM","Male","Public","FL",3.48,4.5,530,660,580,"27","31 of 656","Accepted","","",""
"718","8jzwf","Female","Public","NY",3.98,3.98,650,560,660,"","2 of 80","Denied","","",""
"720","alexday","Female","Parochial","NV",3.71,3.81,610,630,680,"30","75 of 158","Will Attend","","",""
"724","Ashen113","Female","Public","SC",3.8,4.8,640,700,670,"30","12 of 569","Accepted","","",""
"728","Bmmxu","Female","Public","GA",3.6,4.05,750,710,680,"33","99 of 600","Will Attend","","",""
"730","BQJjT","Male","","NY",3.9,4,720,680,680,"","1 of 15","Will Attend","X","",""
"734","bvUeN","Female","Public","FL",3.83,4.64,750,680,630,"31","38 of 703","Accepted","","",""
"736","bwMwX","Female","Public","NY",3.7,4.3,720,670,650,"30","16 of 387","Accepted","","",""
"740","bZ5pF","Female","Public","NC",3.92,4.69,590,460,460,"22","2 of 350","Denied","","",""
"744","CAvila1123","Male","Parochial","NJ",3.6,3.7,600,640,640,"27","Top 25%","Will Attend","X","",""
"746","CnD9Z","Female","","MI",4,4.12,680,760,770,"31","1 of 60","Accepted","","",""
"748","coolkop","Male","Private","",3.6,3.1,700,520,530,"","DR","Denied","","",""
"752","Ee","Female","Public","CA",3.44,3.46,750,660,650,"33","DR","Accepted","","",""
"756","F9cXH","Female","Public","GA",3.72,3.83,650,660,670,"27","13 of 310","Accepted","","",""
"758","gbAEv","Female","Public","GA",3.87,3.97,640,700,660,"30","14 of 296","Denied","","",""
"760","ggGZC","Female","Parochial","DE",3.42,3.71,670,690,710,"","Top 10%","Will Attend","","",""
"772","LdDtM","Male","Public","NY",3.9,4.9,720,700,700,"33","5 of 367","Accepted","","X","X"
"774","LEP4t","Male","Public","GA",3.8,4.2,600,630,680,"28","39 of 535","Wait-Listed","","",""
"776","LQjtp","Male","","NY",3.42,3.87,750,800,750,"","DR","Wait-Listed","","",""
"778","LxcNW","Male","Public","NC",3.92,4.75,600,650,580,"29","5 of 322","Wait-Listed","","",""
"782","mr3UR","Female","","NY",3.4,3.8,740,670,650,"","1 of 65","Wait-Listed","","",""
"786","mrodriguez","Male","","NY",3.35,3.57,540,590,540,"","DR","Denied","X","",""
"788","NA9CW","Female","Parochial","VA",3.7,3.92,520,530,500,"24","DR","Denied","","",""
"794","oy4YC","Male","Public","PA",3.8,4.2,770,760,780,"","DR","Accepted","","",""
"796","Portia","Female","","NY",3.65,4.04,630,620,680,"28","Top 25%","Accepted","","",""
"798","pVMfC","Male","Public","MD",3.54,4.02,640,620,660,"31","Top 10%","Accepted","","",""
"804","2utr9","Male","Private","CA",3.43,3.84,720,710,700,"","DR","Accepted","X","",""
"808","5c7pL","Male","Public","CA",2.61,2.61,410,410,350,"17","DR","Denied","","",""
"812","6kfAZ","Male","Public","CA",3.77,4.05,800,600,600,"","DR","Will Attend","","",""
"816","9CDip","Female","Public","DE",3.65,4.5,610,630,660,"","3 of 183","Accepted","","",""
"818","9eyKx","Male","Public","CA",3.31,3.4,390,430,460,"","5 of 480","Denied","","",""
"822","agirgis","Female","Public","TX",3.9,4.39,650,680,680,"29","77 of 909","Denied","","",""
"826","BEPok","Male","Public","MA",3.83,4.6,800,740,730,"34","3 of 370","Accepted","","",""
"828","cbtgX","Female","Public","CA",3.4,3.7,690,640,720,"","Top 25%","Wait-Listed","","",""
"836","elnesh","Female","Private","",4,4.3,620,670,710,"","9 of 63","Accepted","","",""
"842","G39v7","Male","Private","",4,4.85,700,660,640,"","Top 25%","Will Attend","","",""
"850","idksandy","Female","Public","MA",4,4.1,450,500,510,"","69 of 970","Will Attend","","",""
"858","Minh3897","Male","Private","TX",3.4,3.4,700,600,700,"","4 of 20","Will Attend","","",""
"860","oPF3E","Male","Private","CT",3.6,3.81,650,680,690,"","Top 10%","Accepted","","",""
"864","pheebz365","Female","Public","CA",3.83,4.18,740,660,760,"35","DR","Will Attend","","",""
"866","PvNc9","Female","Public","GA",3.73,4.3,650,610,630,"","Top 25%","Will Attend","","",""
"870","QJJxU","Male","Private","",4,4,760,590,730,"","1 of 25","Will Attend","","",""
"876","SorryImRich","Male","Public","NH",3.16,3.2,660,660,650,"29","DR","Accepted","","",""
"878","SwzsP","Female","Public","CA",4,4.81,800,710,710,"34","5 of 450","Accepted","","",""
"882","tahun","Female","Public","CA",3.92,4.16,630,700,730,"30","21 of 242","Accepted","","",""
"886","UrHzr","Male","Public","NJ",4,4.3,720,750,690,"","Top 10%","Accepted","","",""
"888","uzm2d","Male","Public","CA",3.94,4.01,550,630,640,"24","DR","Denied","","",""
"902","2D5yS","Male","Public","NC",3.5,4.87,800,730,34,"DR","Wait-Listed","","","",""
"904","2NM6F","Male","Public","NJ",4,4.72,790,720,35,"1 of 155","Wait-Listed","","","",""
"916","9BCEU","Male","Parochial","NY",3.5,3.7,660,660,32,"20 of 200","Wait-Listed","","","",""
"930","beachhouse2","Male","Public","CT",3.88,4.23,690,670,29,"Top 10%","Wait-Listed","","","",""
"946","fMVgM","Male","Private","MI",3,3.4,710,710,33,"Top 50%","Denied","","","",""
"972","k1clure1k","Female","Public","CA",3.9,4.2,680,670,30,"5 of 89","Wait-Listed","","","",""
"988","npernas17","Male","Parochial","OR",3.69,3.84,730,710,30,"Top 10%","Accepted","","","",""
"1002","1932","Female","Public","FL",3.44,4.41,470,540,19,"20 of 600","Applied","","","",""
"1024","4LrqE","Male","Public","VA",4,4.51,650,640,29,"40 of 477","Denied","","X","",""
"1038","6BLwR","Female","Public","NY",3.8,3.9,580,670,23,"DR","Applied","","","",""
"1046","6wLwv","Female","Public","NY",3.9,3.96,700,700,30,"Top 10%","Applied","","","",""
"1062","8Cjdo","Female","Public","NY",3.6,3.7,520,650,24,"63 of 666","Applied","","","",""
"1068","a3Mbx","Female","Public","PA",3.29,3.5,670,630,24,"Top 50%","Applied","","","",""
"1080","aiEYa","Male","Public","CA",3,3.3,650,560,25,"Top 25%","Applied","","","",""
"1096","AyaMaya","Female","Private","IN",3.75,3.98,670,710,32,"DR","Wait-Listed","","","",""
"1110","A2bxB","Male","Private","NM",4,4,720,660,30,"10 of 200","Accepted","X","","",""
"1130","n2xhr","Female","Public","NY",3.6,3.7,730,670,32,"DR","Applied","","","",""
"1132","P9jPp","Female","Public","TX",4,3.91,740,760,32,"14 of 892","Applied","","","",""
"1140","RdXbT","Female","Public","TN",4,5,720,670,36,"1 of 200","Applied","","","",""
"1142","S8vep","Female","Public","TN",4,5,800,800,36,"1 of 328","Applied","","","",""
"1146","Wicyp","Female","Public","TN",4,5,800,800,36,"1 of 398","Accepted","","","",""
"1148","Y6xo8","Female","Public","TN",4,5,760,670,29,"1 of 200","Applied","","","",""
