Profile,Gender,Type,State,UW,W,M,CR,WT,Rank,ACT,Status,EA-ED,Legacy,Athlete
,?,?,?,?,?,?,?,?,?,?,?,?,?,
2HyoC,Male,Public,VA,3.60,4.03,750,760,650,,37 of 340,Will Attend,X,,,
38x3n,Female,Public,NY,4.00,4.30,700,710,750,34,3 of 163,Accepted,,,,
3Rp5m,Male,Private,NY,,,600,590,540,,,Accepted,,,,
4ZNc6,Female,Public,PA,4.00,4.36,710,690,790,,1 of 346,Will Attend,,,,
5Ztkd,Male,Public,MA,,3.83,670,680,660,27,77 of 451,Denied,,,,
6xVvp,Female,Public,CO,3.00,3.20,500,720,670,27,Top 50%,Denied,,,,
6Yn2h,Male,Private,CT,3.60,,700,700,650,,DR,Accepted,,,,
7081pcq,Male,Public,NM,3.42,4.11,700,700,730,,92 of 463,Will Attend,X,,,
7FJHn,Female,Parochial,WA,3.45,,580,760,680,33,DR,Wait-Listed,,,,
7g7kf,Female,Public,MA,3.80,4.30,710,620,730,32,7 of 300,Wait-Listed,,,,
7tpvk,Female,Private,TX,4.00,4.08,670,660,750,,5 of 82,Accepted,,,,
8585888z,Female,Public,VA,3.60,3.80,540,670,670,,43 of 402,Denied,,,,
8hS5C,Male,Public,HI,4.00,4.50,610,690,630,30,1 of 260,Accepted,,,,
9QxAe,Female,Private,NV,3.93,4.02,600,600,700,,Top 10%,Denied,,,,
Ajg8k,Male,Public,NY,4.00,4.00,620,730,770,31,DR,Accepted,,,,
allie,Female,Public,PA,3.50,3.70,670,660,610,,41 of 296,Accepted,,,,
ANR2118,Female,Public,WA,3.78,,660,740,710,30,56 of 481,Accepted,,,,
aQMhp,Male,Private,DE,3.88,,690,710,720,,DR,Accepted,,,,
awokQ,Male,Public,MI,3.98,4.30,650,700,800,31,1 of 438,Will Attend,X,,,
BK,Male,Private,NY,3.40,,430,430,640,,Top 25%,Will Attend,X,,,
Bnd7M,Male,Public,NY,4.00,4.30,670,720,750,30,4 of 96,Denied,,,,
btBiy,Male,Public,NJ,3.90,3.90,640,760,730,32,47 of 368,Denied,,,,
c4xci,Female,Private,ME,3.20,,640,630,610,,DR,Denied,,,,
Candid2008,Female,Public,NY,3.55,4.00,540,530,530,20,2 of 209,Will Attend,,,,
CEM712,Male,Public,CA,3.97,4.30,700,640,660,31,15 of 528,Accepted,,,X,
cjLkm,Female,Public,CA,3.83,4.35,590,610,680,28,4 of 465,Accepted,,,,
cornflowerblue,Female,Home,CA,3.93,4.39,570,650,690,,Top 10%,Denied,,,,
dGvkF,Female,Private,,3.70,,670,640,690,,DR,Accepted,,,,
DhbNs,Female,Public,TN,4.00,,730,790,800,33,1 of 200,Accepted,,,,
DkZSt,Male,Public,PA,3.44,,670,780,690,,90 of 420,Denied,,,,
Dn2Un,Female,Public,CA,3.40,3.80,550,770,680,,184 of 657,Accepted,,,,
E3Qum,Male,Public,CT,,,730,680,660,,,Wait-Listed,,,,
ebluh,Female,Public,NY,3.80,4.00,650,500,550,,65 of 864,Denied,,,,
FAjmh,Female,Public,NJ,3.60,3.80,630,680,640,,202 of 769,Will Attend,,,,
fJhx38,Male,Public,,4.00,,800,800,730,,Top 10%,Accepted,,,,
FmSsP,Female,Public,PA,3.80,,600,640,740,,16 of 520,Will Attend,,X,,
G3sAe,Female,Public,MA,3.90,5.00,680,700,740,,Top 10%,Accepted,,,,
g5GZW,Female,Public,MO,3.54,,620,740,800,31,Top 25%,Wait-Listed,,,,
g6dkK,Male,Public,PA,3.52,3.60,800,710,650,,71 of 437,Denied,,,,
GDa3Y,Male,Public,CA,3.75,4.25,630,790,600,,20 of 660,Accepted,,,,
GJfFa,Female,Private,NY,3.73,,730,760,710,,Top 10%,Wait-Listed,,,,
glaze,Male,Public,PA,3.80,4.60,600,770,720,34,8 of 740,Accepted,,,,
hcjGY,Male,Public,CA,3.50,3.84,730,510,560,,73 of 809,Denied,,,,
Hy4nt,Female,Public,NY,3.70,4.00,620,630,610,27,26 of 360,Accepted,,,,
hZmoD,Female,Public,AZ,4.00,5.00,660,670,750,32,42 of 623,Will Attend,,,,
ice5290,Male,Public,NH,,3.71,650,710,760,29,18 of 330,Wait-Listed,,,,
inkyink,Female,Public,NJ,4.00,4.35,680,760,680,,Top 10%,Accepted,,,,
ishy,Female,Public,NJ,4.00,4.88,740,760,800,34,1 of 361,Accepted,,,,
iT3qy,Female,Public,IL,3.98,4.97,780,690,700,35,DR,Accepted,,,,
J9BVd,Male,Public,CA,3.99,4.30,,,,31,8 of 512,Accepted,,,,
,?,?,?,?,?,?,?,?,?,?,?,?,?,
09785367,Female,Public,MD,3.80,4.40,620,720,670,,DR,Accepted,X,,,
1clover,Female,Public,FL,3.65,5.00,720,690,740,32,DR,Accepted,,,,
1wokd,Female,Public,MD,3.91,4.33,720,710,730,32,16 of 435,Accepted,,,,
2H4N4,Female,Parochial,NJ,3.80,4.20,670,630,650,,Top 25%,Accepted,,,,
3791,Male,Public,PA,3.33,,,,,27,Top 25%,Denied,,,,
37cwn,Male,Public,CT,3.57,,630,630,640,,14 of 189,Denied,,,X,
4Z5qe,Female,Private,,3.80,3.90,700,720,700,,5 of 131,Accepted,,,,
5xHrR,Female,Public,NC,3.72,4.62,,,,30,30 of 519,Denied,X,,,
63dkV,Male,Public,AR,4.00,4.09,,,,28,3 of 150,Will Attend,X,,,
6SwoR,Female,Public,MD,3.50,4.20,650,680,680,,83 of 384,Accepted,,,,
6V5ju,Female,Public,NY,3.70,3.90,750,750,710,,25 of 873,Accepted,,,,
7rbF7,Male,Private,,,,760,760,730,,Top 10%,Accepted,,,,
8LJwa,Female,Public,CA,4.00,5.00,,,,,1 of 202,Accepted,,,,
8Vy7g,Male,Public,PA,3.52,4.14,630,720,710,,Top 10%,Accepted,,,,
AAAAAA,Male,Public,MD,3.98,4.70,770,650,690,,DR,Accepted,,,,
adammarre,Male,Public,NY,3.80,3.80,640,630,560,28,50 of 321,Accepted,,,,
ar2717,Male,Public,SC,,,,,,,,Denied,,,,
ashwiniwest,Male,Public,NJ,3.15,3.34,700,640,660,,157 of 457,Wait-Listed,,,,
BroadwayBaby,Female,Public,FL,3.78,5.00,650,780,630,,3 of 312,Denied,,,,
bXzuW,Male,Public,NJ,3.50,3.70,720,670,690,32,Top 50%,Denied,,,,
carrotcake77,Female,Private,,3.46,,750,580,690,,DR,Accepted,,,,
CAS425,Female,Public,NC,3.83,4.71,720,730,720,,18 of 611,Accepted,X,,,
cchacha,Female,Public,TX,3.73,,660,650,640,32,33 of 280,Accepted,X,,,
CHschwab,Male,Home,CA,4.00,4.09,740,750,730,,2 of 24,Accepted,,,,
CkasN,Female,Public,NY,3.70,3.80,650,610,640,,92 of 850,Denied,X,,,
cman,Male,Public,NJ,3.85,4.38,800,620,800,31,36 of 380,Accepted,,,,
Cow9X,Male,Private,CT,3.20,,620,560,550,,DR,Denied,,,,
cs8ir,Female,Public,AZ,4.00,4.60,780,710,740,34,14 of 537,Accepted,,,,
dBrXV,Female,Private,OH,3.70,4.00,690,760,790,29,Top 10%,Accepted,,,,
DEMBq,Male,Public,NY,3.60,4.50,700,730,670,,DR,Denied,X,,,
EaglesfanTD,Male,Public,NV,3.56,4.30,600,610,600,28,33 of 337,Accepted,,,,
eb1990,Female,Public,CA,3.98,4.71,690,590,610,33,1 of 617,Accepted,,,,
eERtw,Female,Public,MA,3.74,4.20,750,630,660,,DR,Accepted,,,,
Eftiola,Female,Parochial,MA,3.50,,540,530,520,,4 of 56,Denied,,,,
erinyes,Female,Public,WA,3.97,4.52,650,690,690,30,Top 10%,Accepted,,,,
fdywT,Female,Public,PA,3.71,,790,800,780,31,37 of 545,Accepted,,,,
Fqoi3,Male,Private,CA,3.86,4.10,690,540,610,27,Top 25%,Will Attend,,,,
FzUCf,Female,Public,VA,3.80,,590,670,670,,Top 10%,Denied,,,,
Ghb7N,Female,Public,CA,3.68,,670,670,800,,Top 25%,Accepted,,,,
gLTGV,Male,Private,NY,3.90,3.90,670,760,680,31,38 of 336,Accepted,,,,
gLYWy,Female,Public,,,,,,,,10 of 204,Accepted,,,,
Gma149,Female,Public,PA,3.80,4.30,690,750,730,,Top 10%,Accepted,,,,
GMasltav,Female,Private,,3.79,,620,680,730,,DR,Accepted,,,,
HannahFitter,Female,Public,IL,3.78,4.69,,,,32,DR,Accepted,,,,
HjbxH,Male,Parochial,NY,3.76,,750,690,660,,23 of 521,Accepted,,,,
ILuvMT,Female,Public,CO,3.55,4.13,640,620,580,30,73 of 555,Denied,,,,
jenn17,Female,Public,WA,3.69,,710,670,730,,Top 25%,Denied,,,,
jes,Female,Public,GA,,3.70,650,600,600,29,185 of 652,Denied,,,,
Jewman,Male,Public,MI,3.60,3.60,690,720,740,32,DR,Accepted,,,,
JttPz,Female,Public,IA,3.95,4.11,,,,30,1 of 135,Accepted,,,,
,?,?,?,?,?,?,?,?,?,?,?,?,?,
1more,Male,Public,CT,3.60,3.80,750,650,530,,DR,Accepted,,,,
2f5V3,Male,Public,CA,3.88,4.51,,,,31,21 of 393,Will Attend,X,,,
36g9X,Male,Public,NV,4.00,4.60,700,770,800,,4 of 446,Accepted,,,,
6u5nQ,Male,Public,NY,3.65,,,,,27,DR,Will Attend,X,,,
6uEFt,Female,Public,CA,3.70,4.10,800,740,760,,DR,Accepted,,,,
8yGMQ,Female,Private,MA,3.50,3.70,,,,31,DR,Accepted,,,,
9q8zY,Female,Public,CA,4.00,5.00,720,720,800,,1 of 461,Denied,,,,
abcdefg,Female,Public,FL,3.40,5.00,500,600,570,,24 of 675,Denied,,,,
Aftf7,Male,Private,IL,3.80,4.60,740,750,730,34,9 of 440,Accepted,,,,
Ahmed,Male,Public,NY,3.75,4.00,620,480,530,,Top 25%,Will Attend,,,,
Amo7a,Female,Private,ME,3.52,,760,540,670,,DR,Accepted,,,,
aXc52,Female,Public,NJ,3.90,4.40,660,710,720,,9 of 153,Will Attend,,X,,
aYQ2Q,Female,Public,PA,4.00,4.86,790,610,700,,DR,Accepted,,,,
B5CE5,Male,Public,NJ,3.60,4.70,720,680,680,,18 of 500,Will Attend,X,,,
BAycC,Female,Public,MD,3.50,4.00,600,740,770,,DR,Accepted,,,,
bgpYg,Male,Public,CA,3.82,4.22,630,580,680,28,25 of 606,Will Attend,X,,,
bmya5,Female,Public,ME,3.70,4.00,640,670,770,,8 of 160,Accepted,,,,
bYfQN,Male,Private,NJ,3.92,4.70,700,740,700,30,DR,Accepted,,,,
CFB27,Female,Public,CO,3.68,4.60,,,,32,3 of 304,Accepted,,,,
CgsYd,Female,Public,IN,3.97,,630,640,710,,Top 10%,Accepted,,X,,
CLagera,Male,Public,FL,3.50,4.10,630,700,660,32,33 of 410,Denied,,,,
CollegeWhatNot,Female,Private,NY,3.75,,630,690,660,,Top 25%,Will Attend,,,,
Comm2010,Female,Public,NY,3.60,4.00,460,580,560,25,DR,Denied,,,,
crsgrl,Female,Parochial,CA,3.50,3.66,680,780,800,,Top 50%,Denied,,,,
CVppr,Male,Private,CT,3.30,3.50,600,580,590,,DR,Will Attend,,,,
d7pqP,Female,Public,CA,3.70,4.12,640,640,730,29,7 of 240,Accepted,,,,
dNzpF,Male,Public,NY,4.00,5.00,800,720,800,,1 of 171,Accepted,,X,,
Ed91,Male,Public,FL,3.49,4.95,,,,27,5 of 635,Denied,X,,,
elle,Female,Public,NY,3.67,3.88,680,690,640,31,42 of 421,Accepted,,,,
FN8PV,Female,Public,CA,3.84,4.25,610,660,700,29,24 of 601,Accepted,,,,
georgefong,Female,Public,CA,3.81,4.06,730,740,760,,Top 25%,Accepted,,,,
hf8wh,Male,Public,CT,3.98,4.75,770,800,700,,20 of 440,Accepted,,,,
Hola,Female,Public,FL,4.00,5.00,650,580,550,26,Top 10%,Denied,,,,
hvMAY,Female,Public,NY,3.64,3.88,630,680,800,,40 of 350,Accepted,,,,
iDW6S,Female,Public,NJ,3.70,4.30,650,540,590,,,Will Attend,,,,
inw4U,Female,Public,CT,3.95,,650,600,620,,12 of 500,Accepted,,,,
j7Wa4,Female,Private,MI,3.82,4.12,730,700,730,31,Top 25%,Will Attend,,,,
ja9888,Female,Public,MA,3.90,,770,700,680,,Top 10%,Accepted,,,,
Jj3992,Male,Public,AZ,3.61,4.12,670,670,600,,23 of 457,Accepted,,,,
khan,Female,Public,NJ,3.47,4.08,660,720,740,,DR,Denied,,,,
KvwSp,Male,Private,VT,3.27,4.18,790,430,480,,63 of 202,Denied,,,,
LwKiH,Female,Public,PA,4.00,4.30,750,710,750,32,Top 10%,Accepted,,,,
Ly7Xj,Male,Public,WI,3.91,,,,,33,Top 10%,Accepted,,,,
m9fzk,Female,Public,NJ,3.82,3.82,650,640,770,28,DR,Wait-Listed,,,,
meh,Female,Public,PA,3.50,3.90,600,790,800,,45 of 480,Accepted,,,,
mjh520,Female,Public,IL,3.68,4.10,,,,33,36 of 373,Accepted,,,,
MsKRH,Male,Public,NY,3.10,3.30,500,490,510,,Top 50%,Accepted,,,,
nfs222,Male,Public,CA,4.00,4.44,800,770,760,35,1 of 581,Accepted,X,,,
NuFcq,Female,Public,CA,3.71,4.37,720,660,710,33,Top 25%,Will Attend,,,,
oUwt8,Male,Public,PA,3.80,4.36,800,680,690,,DR,Accepted,,,,
,?,?,?,?,?,?,?,?,?,?,?,?,?,
17andSassy,Female,Public,CA,3.66,4.02,540,680,710,28,72 of 350,Will Attend,,,,
2wnoH,Female,Public,FL,3.50,4.40,700,570,580,,Top 25%,Will Attend,,,,
4bVfb,Male,Private,FL,4.00,4.97,690,660,650,30,2 of 290,Accepted,,,,
4UHQq,Male,Public,SC,4.00,5.00,680,730,700,31,1 of 225,Will Attend,X,,,
5EPWu,Female,Public,AK,3.40,3.55,560,560,560,,78 of 423,Denied,,,,
5nWK2,Female,Public,CA,2.97,2.97,,,,,349 of 661,Denied,,,,
6Mv6t,Female,Public,NJ,4.00,4.80,650,700,660,32,2 of 600,Will Attend,,,,
7DWsq,Male,Public,NJ,3.34,4.02,570,540,550,,35 of 620,Denied,,,,
9QSXB,Female,Public,FL,3.84,4.21,680,620,550,,34 of 697,Accepted,,,,
a6Vna,Female,Public,,3.24,,630,580,600,,2 of 32,Denied,,,,
AH9342,Male,Public,MD,3.76,4.52,620,640,710,,DR,Accepted,,,,
aJ2bZ,Male,Private,CA,3.25,4.00,660,640,620,,DR,Will Attend,,,X,
ajiang999,Female,Private,TX,3.57,,,,,,DR,Will Attend,X,,,
am3ricanst0rm,Male,Public,KY,3.90,4.00,690,710,710,33,21 of 250,Accepted,,,,
Anjika,Female,Private,,3.90,3.75,680,690,680,31,DR,Will Attend,X,,,
archie,Male,Private,CA,3.80,,650,640,640,,DR,Wait-Listed,,,,
AYe7u,Male,Public,NY,3.88,,,,,30,DR,Wait-Listed,,,,
bHs11,Female,Public,NY,0.00,3.90,630,590,570,,47 of 1032,Accepted,,,,
bohemiancupcake,Female,Public,CA,3.70,,580,670,670,,DR,Accepted,,,,
bzZt3,Female,Private,CA,4.00,4.36,,,,34,DR,Accepted,,,,
Coolkid15,Male,Private,MD,4.00,5.00,800,800,800,,1 of 295,Accepted,,,X,
CWgna,Female,Public,FL,3.50,5.00,680,730,790,,Top 10%,Accepted,,,,
DDDDD,Female,Public,,,,770,580,580,27,DR,Denied,,,,
DeeH,Female,Public,NJ,,3.76,650,600,600,,65 of 278,Denied,,,,
Dwtru,Female,Public,NV,3.90,4.80,720,700,740,,6 of 364,Accepted,,,,
DWviolinist,Female,Home,WI,3.98,,660,690,640,,DR,Accepted,,,,
dyKNA,Female,Public,GA,3.67,3.79,620,680,730,,,Accepted,,,,
eSeGx,Male,Public,CA,4.00,4.60,770,760,730,,2 of 620,Accepted,,,,
FBa9P,Female,Public,PA,3.85,4.00,570,580,550,,Top 10%,Denied,,,,
FutureWriter,Female,Public,CA,2.80,3.00,,,,,50 of 100,Will Attend,,,,
gepMv,Male,Public,CT,3.50,3.60,760,640,610,,DR,Accepted,,,,
GpsoH,Female,Public,RI,3.50,4.09,780,730,780,,DR,Accepted,,,,
GsSzE,Female,Public,PA,3.90,4.63,630,640,630,,47 of 573,Accepted,,,,
hi,Male,Private,CA,3.55,3.89,,,,32,DR,Accepted,,X,,
hZKpH,Female,Private,IL,3.83,4.00,,,,32,DR,Accepted,,,,
iFQHv,Male,Public,CA,3.50,3.62,630,640,570,,160 of 640,Will Attend,X,,,
JqkrB,Male,Public,GA,3.71,4.34,,,,34,44 of 445,Accepted,,,,
jwang,Female,Public,CA,3.70,3.93,,,,,52 of 627,Will Attend,,,,
k4sjA,Female,Public,GA,3.96,4.00,,,,32,Top 10%,Accepted,,,,
kdBPB,Male,Private,TX,3.40,3.70,690,720,710,30,Top 25%,Will Attend,X,,,
kGqgT,Male,Public,CA,4.00,5.00,740,740,770,29,1 of 500,Will Attend,,,,
kLNT8,Male,Public,OR,3.80,,690,750,700,32,Top 10%,Will Attend,,,,
mEtaw,Male,Public,NJ,3.50,3.85,640,660,690,27,60 of 390,Accepted,,,,
mUEjj,Female,Public,NH,3.75,4.30,800,750,790,,DR,Accepted,,,,
Nmin,Female,Private,,3.30,,,,,23,Top 25%,Denied,X,,,
nutXR,Female,Public,NJ,3.74,4.32,720,720,800,,DR,Accepted,,,,
oQWRP,Female,Public,CA,,3.87,730,670,680,,66 of 559,Wait-Listed,,,,
pEELG,Female,Public,NY,3.80,3.80,640,480,520,26,10 of 126,Will Attend,,,,
pHYDL,Female,Public,NY,3.60,3.75,610,620,610,28,Top 25%,Will Attend,,,,
pk4uM,Female,Public,CA,3.48,,680,640,700,,DR,Denied,,,,
,?,?,?,?,?,?,?,?,?,?,?,?,?,
4hAfZ,Female,,NY,4.00,,700,730,790,,30 of 350,Will Attend,,,,
4KRyy,Male,Public,CA,3.71,3.92,780,740,790,29,DR,Accepted,,,,
5enA4,Female,Public,VA,3.83,4.30,680,720,770,,Top 10%,Accepted,,,,
5iuNo,Male,Public,RI,3.29,,660,620,580,,DR,Denied,X,,,
6gQB7,Female,Public,NJ,3.60,,720,730,680,33,DR,Will Attend,,,,
7nr9o,Female,Public,NJ,3.70,,800,800,800,,70 of 350,Accepted,,,,
84No7,Male,Public,NY,3.60,4.40,720,720,770,,80 of 525,Will Attend,,,,
8VT8A,Male,Public,MI,4.00,4.01,,,,28,1 of 200,Accepted,,,,
AdAUh,Female,Private,FL,4.00,4.12,,,,29,Top 10%,Accepted,,,,
apnxn,Female,Public,NY,3.84,4.10,690,650,660,29,7 of 247,Accepted,,,,
ApuUe,Male,Public,IN,3.50,4.00,640,750,710,33,25 of 450,Wait-Listed,,,,
avocadolover,Female,Public,CA,3.10,3.70,700,800,750,31,Top 10%,Will Attend,,,,
b767,Female,Public,CA,3.58,4.00,640,600,580,24,70 of 410,Accepted,,,,
bHJhy,Male,Public,VA,4.00,4.38,740,770,710,,Top 10%,Accepted,,,,
BigAJ,Male,Public,NY,3.40,4.00,640,550,530,,64 of 300,Denied,,,,
cEAz5,Male,Private,,3.70,,720,530,600,25,Top 25%,Denied,X,,,
coltonf,Male,Public,IN,3.88,4.01,630,620,700,,20 of 359,Accepted,,,,
D2EYT,Female,Public,IA,4.00,,690,740,620,33,1 of 320,Accepted,,,,
D2GGz,Male,Public,GA,3.70,3.80,500,660,680,28,2 of 140,Wait-Listed,,,,
domi,Female,Private,WA,3.40,3.60,800,670,800,,DR,Will Attend,,,,
gDkS8,Female,Private,CA,3.56,4.10,750,740,790,,Top 10%,Will Attend,,,,
ghGVQ,Female,Private,NY,3.96,3.96,790,710,710,,Top 25%,Will Attend,,,,
gKy5C,Male,Public,MN,3.70,3.86,,,,27,DR,Accepted,X,,,
gtDU3,Male,Public,CA,3.70,3.90,700,690,670,,DR,Will Attend,,,,
h9RqV,Female,Public,PA,3.52,3.85,660,640,720,30,,Accepted,,,,
i6PDf,Male,Private,NM,3.90,,800,800,760,,Top 10%,Will Attend,,,,
JE2CL,Male,Public,CA,3.55,4.48,720,660,720,32,DR,Accepted,,,,
kc68J,Male,Public,OH,3.96,4.10,710,630,620,29,Top 10%,Will Attend,,,,
kH32Q,Male,Public,GA,3.60,4.00,700,710,680,,Top 25%,Will Attend,X,,,
KvjCD,Male,Public,WA,3.88,,700,600,630,33,50 of 366,Wait-Listed,,,,
Livy94,Female,Public,IL,3.20,,,,,29,DR,Denied,,,,
m4Dg8,Female,Private,,3.70,,760,650,660,,Top 10%,Accepted,,,,
marz,Male,Public,IA,3.95,,,,,33,8 of 340,Accepted,,,,
Mrchitownsports,Male,Private,,3.80,4.90,620,580,640,,4 of 120,Will Attend,X,,,
OC_obsessor,Female,Public,OR,3.94,,590,660,630,,14 of 278,Accepted,,,,
orangecat,Female,Public,CA,4.00,4.30,660,780,790,32,6 of 186,Accepted,,,,
paigemn9,Female,Public,NY,3.80,,700,630,700,30,14 of 110,Accepted,X,,,
PxFLZ,Female,Public,NJ,,3.19,670,570,590,,DR,Accepted,,,,
qb5227,Male,Public,TX,3.73,,710,620,660,29,50 of 642,Wait-Listed,,,,
Qgu3c,Female,Public,CA,3.40,,610,620,760,,DR,Denied,,,,
RSH,Female,Public,CA,3.70,3.86,580,670,630,,24 of 220,Accepted,,,,
rZomY,Male,Public,PA,3.30,3.70,540,580,500,,306 of 556,Denied,X,,,
snjh2,Female,Public,VA,3.42,3.72,690,640,620,,DR,Accepted,,,,
SPIDER52,Male,Private,NE,3.54,,,,,30,DR,Denied,X,,,
TEh2k,Female,Public,CA,3.46,3.88,750,710,660,32,350 of 754,Accepted,,,,
TnVpU,Female,Public,GA,3.90,,680,600,640,,DR,Denied,,,,
tomlinsonjonas,Female,Public,NY,3.80,,640,640,730,,DR,Will Attend,,,,
tXnjQ,Male,Private,CA,3.42,3.84,670,630,660,,19 of 95,Wait-Listed,,,,
U3oWc,Male,Public,CA,3.92,4.52,630,630,780,,45 of 616,Accepted,,,,
UKdft,Male,Public,WA,3.91,,720,650,740,,83 of 415,Accepted,,,,
,?,?,?,?,?,?,?,?,?,?,?,?,?,
101824,Female,Public,VA,3.45,3.80,540,610,610,,40 of 416,Denied,X,,,
23WVr,Female,Public,PA,4.00,4.00,680,800,730,,5 of 454,Accepted,,,,
28Uxq,Female,Public,IL,3.81,,,,,33,31 of 562,Will Attend,,,,
3XUiD,Male,Public,CO,3.33,3.80,,,,28,DR,Accepted,X,,,
42ndrebel,Female,Public,CA,3.60,3.93,610,630,690,,74 of 535,Wait-Listed,,,,
4HPck,Female,Public,OR,4.00,4.21,660,670,740,29,Top 10%,Will Attend,,,,
4zTkH,Male,Public,PA,3.31,3.68,,,,23,119 of 625,Accepted,,,,
5PbNw,Female,Public,NY,3.80,,790,700,720,,DR,Accepted,,,,
5xyCj,Female,Public,NY,4.00,4.00,660,670,800,,1 of 205,Accepted,,X,,
5Zxc5,Female,Public,MA,3.80,,,,,,15 of 296,Will Attend,,,,
7a3iy,Male,Public,MA,3.34,3.92,750,770,800,,DR,Accepted,,,,
7v6x8,Female,,NY,4.00,,700,730,790,,30 of 350,Will Attend,,,,
8wC4p,Male,Public,CT,3.50,4.05,750,710,710,33,47 of 265,Accepted,,,,
9yeJP,Female,Public,CA,4.00,4.40,,,,31,Top 10%,Accepted,X,,,
ac8mN,Male,Parochial,NY,3.70,4.00,670,720,690,32,7 of 332,Accepted,,,,
agarza1894,Female,Public,AZ,3.96,,620,640,630,28,6 of 400,Will Attend,,,,
Amrys,Female,Public,CA,3.90,4.20,650,690,750,31,36 of 636,Accepted,,,,
An,Female,Public,NY,3.80,3.90,,,,28,7 of 169,Will Attend,,,,
antman,Male,Public,NY,3.40,3.70,470,580,590,24,138 of 748,Denied,,,,
AQVHE,Female,Parochial,NY,3.60,,770,770,790,29,DR,Accepted,,,,
ashlakhi,Female,Parochial,,2.90,3.00,620,490,560,,DR,Denied,X,,,
BPSsu,Male,,NY,,,,,,,,Will Attend,,,,
Bq3m6,Female,Parochial,CA,3.92,4.10,600,610,600,,30 of 124,Denied,X,X,X,
brucewayne,Male,Public,PA,3.59,3.74,630,590,510,,DR,Denied,,,,
C3EnS,Male,Private,NY,3.70,4.60,740,630,640,,DR,Accepted,,,,
CAMILA,Female,Parochial,,3.20,,630,640,650,,1 of 13,Accepted,,,,
CgQUP,Female,Public,CA,3.90,4.50,770,760,800,,Top 10%,Will Attend,,,,
CkQYN,Female,Public,NY,3.70,3.80,720,680,680,,DR,Wait-Listed,,,,
CSQZh,Female,Public,AZ,3.90,4.20,620,610,520,25,20 of 334,Denied,,,,
dbdjY,Female,Public,NY,3.70,3.90,690,800,780,33,DR,Will Attend,,,,
DGmZu,Female,Public,GA,3.50,3.80,550,760,800,32,37 of 493,Accepted,,,,
djdapz,Male,Private,CO,3.67,3.91,750,640,650,32,DR,Accepted,,,,
DQX6U,Male,Public,NY,3.60,3.75,720,640,650,,DR,Denied,X,,,
E7TgQ,Male,Public,MN,3.73,3.93,,,,34,31 of 405,Will Attend,,,,
EcvY6,Female,Public,IL,3.60,,690,700,740,34,DR,Will Attend,,,,
Ellie,Female,Public,NY,4.00,4.00,740,660,760,,DR,Accepted,,,,
EMG1995,Female,Public,OH,3.50,,,,,29,Top 25%,Denied,X,,,
EwgHD,Female,Public,CA,3.86,4.08,610,610,630,,35 of 271,Accepted,,,,
eYtEt,Female,Public,NY,3.61,3.75,780,660,800,,DR,Accepted,,,,
F47A7,Female,Public,AK,4.00,5.00,600,590,590,32,Top 10%,Will Attend,,X,X,
F6epZ,Male,Public,IL,3.00,,,,,32,Top 25%,Denied,,,,
FRIVERA,Male,Parochial,PR,3.80,3.80,560,570,550,24,27 of 208,Will Attend,,,,
G56Jm,Female,Public,VA,3.20,3.73,660,690,670,28,Top 25%,Wait-Listed,,,,
gc4wt,Female,Public,VA,3.70,3.88,670,610,610,26,DR,Accepted,,,,
GFKq5,Female,Public,CA,3.85,4.15,770,690,710,33,Top 10%,Wait-Listed,,,,
GJgpL,Male,Public,PA,3.84,,760,760,730,32,19 of 500,Accepted,,,,
hozc4,Female,Public,GA,3.90,4.00,760,720,800,,19 of 500,Will Attend,,,,
J6kqo,Male,Public,NJ,3.44,3.60,630,630,650,28,73 of 286,Accepted,,,,
j6tNC,Male,Private,VI,3.63,,700,710,690,32,DR,Will Attend,,,,
Jaimeem,Female,Public,LA,3.40,3.60,650,800,650,32,72 of 275,Accepted,,,,
,?,?,?,?,?,?,?,?,?,?,?,?,?,
102996,Female,Parochial,CA,3.30,3.70,600,710,670,28,DR,Wait-Listed,,,,
2CHwT,Male,,NY,3.79,4.43,800,690,800,,4 of 424,Accepted,,,,
2fsM9,Male,Public,NY,4.00,,720,800,740,33,1 of 500,Wait-Listed,,,,
2wAUH,Female,Public,TX,3.67,3.92,540,640,650,27,109 of 780,Wait-Listed,,,,
2XJ4M,Male,Public,CA,3.86,4.18,,,,29,30 of 496,Will Attend,X,,,
2ZnXv,Female,Public,NJ,3.80,4.20,660,650,650,30,20 of 714,Accepted,,,,
3FDTs,Male,,NY,3.30,3.30,800,800,780,,DR,Accepted,,,,
3GqAY,Female,Public,NY,3.91,,,,,32,4 of 425,Will Attend,,,,
3MXAP,Female,Private,,2.93,,710,540,630,,DR,Denied,,,,
43ye5,Male,Public,CT,4.00,4.92,760,800,800,,1 of 272,Accepted,,,,
4H5Nv,Female,Public,CA,3.72,4.92,620,630,690,29,9 of 781,Accepted,X,,X,
4mTVm,Female,Public,AZ,4.00,4.00,530,600,560,26,1 of 65,Accepted,,,,
5ppKH,Male,,NY,3.57,,790,560,640,31,Top 50%,Accepted,,,,
5RVQg,Female,Public,NJ,,4.20,770,660,750,31,Top 25%,Accepted,,,,
5sFBz,Female,Public,FL,3.60,4.17,620,680,720,,Top 10%,Will Attend,,,,
73xpN,Male,Public,NJ,3.88,,760,730,740,,8 of 475,Accepted,,,,
7kMxc,Female,Public,NY,4.00,5.00,730,770,750,,15 of 281,Accepted,,,,
7ZbrD,Female,Public,TX,3.80,4.00,500,700,600,27,115 of 659,Denied,,,,
88GhE,Male,Public,AZ,3.90,4.20,,,,,1 of 200,Will Attend,X,,,
92mQk,Male,,NY,3.60,4.50,,,,26,Top 10%,Will Attend,,,,
946s6,Male,Public,NY,3.50,3.50,710,650,600,28,110 of 850,Denied,,,,
9FAhM,Female,Public,FL,3.74,5.00,,,,,35 of 486,Will Attend,X,,X,
AWVCs,Female,Public,MA,3.47,,600,620,680,29,25 of 103,Accepted,,,,
AxsqK,Female,Public,VA,4.00,4.40,560,690,730,,15 of 253,Accepted,,,,
AZTJb,Female,Private,,3.79,4.30,640,750,680,,DR,Accepted,,,,
b4ZHK,Female,Private,,4.00,,760,640,720,,Top 10%,Accepted,,,,
balthazar,Female,Public,MD,3.20,3.60,,,,,,Accepted,,,,
bowen,Male,Public,FL,3.81,3.89,,,,,Top 10%,Wait-Listed,,,,
c5H8R,Female,Public,PA,3.67,4.14,640,610,570,,48 of 565,Denied,,,,
CLolympian2016,Female,Public,NY,4.00,5.00,,,,34,Top 10%,Accepted,,,,
College2014,Female,Parochial,MN,3.80,,,,,29,DR,Denied,,,,
CWaDm,Female,Public,VA,4.00,4.33,620,660,620,28,38 of 438,Denied,,,,
CwNAM,Male,Private,,3.50,3.85,,,,,4 of 610,Accepted,X,,,
CxzUV,Female,Public,NY,4.00,,620,520,720,24,1 of 97,Will Attend,,,,
DasmenR,Female,Public,GA,3.91,4.12,580,520,510,23,16 of 294,Denied,,,,
data108,Female,Public,CA,3.96,4.23,720,710,790,32,Top 10%,Accepted,,X,,
Doge,Male,Public,NJ,3.40,3.90,660,670,610,,Top 25%,Accepted,X,,X,
DZjEF,Female,Public,NY,3.50,3.70,660,590,590,,Top 50%,Denied,,,,
EcA5W,Male,Public,NY,,,760,630,680,,,Denied,,,,
Eh5oG,Male,Parochial,NJ,3.30,,620,650,640,22,Top 25%,Denied,X,,,
eTRfk,Male,Parochial,NY,3.98,4.97,670,600,610,26,3 of 44,Denied,,,,
GiovannaM,Female,Public,CT,4.00,4.00,570,590,660,29,Top 10%,Denied,,,,
gkRgx,Female,Parochial,AZ,3.70,4.50,540,480,510,24,11 of 99,Denied,,,,
gordon,Female,Public,NJ,3.20,3.30,630,660,610,,DR,Accepted,,X,,
gqEm5,Female,Private,NJ,3.50,3.70,740,610,730,32,DR,Accepted,,,,
hCTVE,Female,Public,IL,3.02,3.44,,,,29,DR,Denied,,,,
henrik,Male,Public,NC,3.98,5.00,790,800,800,34,3 of 630,Accepted,,,,
HtSrs,Female,Public,CA,3.89,4.47,,,,33,8 of 489,Accepted,,,,
hWc7q,Male,Parochial,TX,3.40,3.60,,,,31,DR,Will Attend,X,,,
idZhd,Female,Private,MA,3.90,,800,760,740,,DR,Accepted,,,,
,?,?,?,?,?,?,?,?,?,?,?,?,?,
4GZkG,Female,Public,CA,3.89,4.23,800,750,700,,8 of 500,Accepted,,,,
4YPLe,Female,Public,NY,3.70,3.70,620,800,730,,Top 10%,Accepted,,,,
5gDEz,Male,Parochial,MD,,,,,,,,Will Attend,,,,
5wKNt,Female,Public,NC,3.99,4.83,730,800,780,34,10 of 286,Will Attend,,X,,
6dT58,Female,Parochial,NJ,3.82,3.86,580,680,700,,DR,Denied,,,,
74VE6,Male,Parochial,OH,3.90,4.10,790,510,590,28,4 of 66,Denied,,,,
7zff4,Female,Public,NY,3.55,3.65,710,680,630,29,47 of 233,Accepted,,,,
899VM,Male,Public,FL,3.48,4.50,530,660,580,27,31 of 656,Accepted,,,,
8jzwf,Female,Public,NY,3.98,3.98,650,560,660,,2 of 80,Denied,,,,
alexday,Female,Parochial,NV,3.71,3.81,610,630,680,30,75 of 158,Will Attend,,,,
Ankita,Female,Public,CA,3.54,,620,630,680,30,DR,Accepted,,,,
Ashen113,Female,Public,SC,3.80,4.80,640,700,670,30,12 of 569,Accepted,,,,
bf7iK,Male,Parochial,MD,3.91,,570,680,670,,13 of 184,Will Attend,X,,,
Bmmxu,Female,Public,GA,3.60,4.05,750,710,680,33,99 of 600,Will Attend,,,,
BQJjT,Male,,NY,3.90,4.00,720,680,680,,1 of 15,Will Attend,X,,,
BRFbQ,Male,,NY,3.70,3.90,,,,33,7 of 16,Accepted,,,,
bvUeN,Female,Public,FL,3.83,4.64,750,680,630,31,38 of 703,Accepted,,,,
bwMwX,Female,Public,NY,3.70,4.30,720,670,650,30,16 of 387,Accepted,,,,
BXg6W,Female,Public,NY,3.86,,770,670,710,,DR,Will Attend,,,,
bZ5pF,Female,Public,NC,3.92,4.69,590,460,460,22,2 of 350,Denied,,,,
C3MjR,Male,Public,CA,3.90,4.10,,,,29,22 of 255,Will Attend,X,,X,
CAvila1123,Male,Parochial,NJ,3.60,3.70,600,640,640,27,Top 25%,Will Attend,X,,,
CnD9Z,Female,,MI,4.00,4.12,680,760,770,31,1 of 60,Accepted,,,,
coolkop,Male,Private,,3.60,3.10,700,520,530,,DR,Denied,,,,
CudHS,Female,Home,NJ,3.97,,,,,21,DR,Denied,,,,
Ee,Female,Public,CA,3.44,3.46,750,660,650,33,DR,Accepted,,,,
emid,Female,,NY,3.60,,610,600,580,,4 of 30,Wait-Listed,,,,
F9cXH,Female,Public,GA,3.72,3.83,650,660,670,27,13 of 310,Accepted,,,,
gbAEv,Female,Public,GA,3.87,3.97,640,700,660,30,14 of 296,Denied,,,,
ggGZC,Female,Parochial,DE,3.42,3.71,670,690,710,,Top 10%,Will Attend,,,,
Greg2015,Male,Public,NY,3.90,,,,,31,3 of 75,Accepted,,,,
HALPERNS,Female,Public,NY,4.00,,590,610,650,31,DR,Accepted,,,,
ipCHS,Female,Public,IL,3.54,4.08,,,,34,DR,Denied,X,,,
K7R8C,Female,Private,,3.32,,450,710,630,,Top 50%,Denied,,,,
Lauren2080,Female,Public,GA,,,,,,,,Wait-Listed,,,,
LdDtM,Male,Public,NY,3.90,4.90,720,700,700,33,5 of 367,Accepted,,X,X,
LEP4t,Male,Public,GA,3.80,4.20,600,630,680,28,39 of 535,Wait-Listed,,,,
LQjtp,Male,,NY,3.42,3.87,750,800,750,,DR,Wait-Listed,,,,
LxcNW,Male,Public,NC,3.92,4.75,600,650,580,29,5 of 322,Wait-Listed,,,,
MEC55,Male,Public,CA,3.50,3.70,,,,31,Top 25%,Wait-Listed,,,,
mr3UR,Female,,NY,3.40,3.80,740,670,650,,1 of 65,Wait-Listed,,,,
MrJSelig,Male,Parochial,,4.00,,,,,34,11 of 157,Denied,,,,
mrodriguez,Male,,NY,3.35,3.57,540,590,540,,DR,Denied,X,,,
NA9CW,Female,Parochial,VA,3.70,3.92,520,530,500,24,DR,Denied,,,,
o8gNK,Male,Parochial,CA,3.80,3.75,,,,,Top 25%,Accepted,,,,
oGtTe,Male,Public,NY,3.63,,,,,28,Top 50%,Will Attend,,,,
oy4YC,Male,Public,PA,3.80,4.20,770,760,780,,DR,Accepted,,,,
Portia,Female,,NY,3.65,4.04,630,620,680,28,Top 25%,Accepted,,,,
pVMfC,Male,Public,MD,3.54,4.02,640,620,660,31,Top 10%,Accepted,,,,
QDxxP,Male,Parochial,MA,4.00,,,,,32,DR,Accepted,,,,
,?,?,?,?,?,?,?,?,?,?,?,?,?,
2eSUF,Male,Private,,3.90,,730,710,680,,11 of 138,Accepted,,,,
2utr9,Male,Private,CA,3.43,3.84,720,710,700,,DR,Accepted,X,,,
4sap4,Female,Public,,3.96,,710,800,720,34,51 of 500,Denied,,,,
5c7pL,Male,Public,CA,2.61,2.61,410,410,350,17,DR,Denied,,,,
5zJpd,Male,Public,NJ,,,,,,,,Will Attend,,,,
6kfAZ,Male,Public,CA,3.77,4.05,800,600,600,,DR,Will Attend,,,,
8DqPX,Female,,NY,3.60,,,,,14,DR,Accepted,,,,
9CDip,Female,Public,DE,3.65,4.50,610,630,660,,3 of 183,Accepted,,,,
9eyKx,Male,Public,CA,3.31,3.40,390,430,460,,5 of 480,Denied,,,,
9Xrw7,Male,Parochial,FL,,,,,,,,Accepted,,,,
agirgis,Female,Public,TX,3.90,4.39,650,680,680,29,77 of 909,Denied,,,,
b5FSM,Male,Public,KS,3.90,,,,,31,25 of 470,Accepted,,,,
BEPok,Male,Public,MA,3.83,4.60,800,740,730,34,3 of 370,Accepted,,,,
cbtgX,Female,Public,CA,3.40,3.70,690,640,720,,Top 25%,Wait-Listed,,,,
CosmeticSurgeon,Female,Public,NY,3.30,,790,670,720,34,DR,Wait-Listed,,,,
Dontrell5,Female,Public,LA,2.20,,,,,,159 of 250,Will Attend,,,,
Ds7KG,Male,Private,VA,,,,,,,,Accepted,,,,
elnesh,Female,Private,,4.00,4.30,620,670,710,,9 of 63,Accepted,,,,
fleurfane,Female,Public,OH,,3.50,,,,29,Top 25%,Will Attend,,,,
Fo7Js,Female,Public,IL,3.87,4.67,,,,25,13 of 293,Denied,,,,
G39v7,Male,Private,,4.00,4.85,700,660,640,,Top 25%,Will Attend,,,,
hoAdn,Male,Public,NY,3.70,,770,750,700,36,Top 50%,Will Attend,X,,,
Hugo,Male,Private,,,3.75,,,,32,Top 10%,Will Attend,,,,
i7FNu,Male,,NY,3.94,,790,610,620,,Top 10%,Will Attend,,,,
idksandy,Female,Public,MA,4.00,4.10,450,500,510,,69 of 970,Will Attend,,,,
j49TM,Male,Public,CA,3.69,4.31,,,,33,Top 10%,Accepted,,,,
knsavitt,Female,,NY,3.40,4.50,,,,30,DR,Accepted,,,,
KTK0115,Female,,NY,3.75,4.64,,,,28,123 of 709,Accepted,,,,
Minh3897,Male,Private,TX,3.40,3.40,700,600,700,,4 of 20,Will Attend,,,,
oPF3E,Male,Private,CT,3.60,3.81,650,680,690,,Top 10%,Accepted,,,,
oX5dD,Male,Public,WI,3.00,,470,500,420,25,DR,Denied,,,,
pheebz365,Female,Public,CA,3.83,4.18,740,660,760,35,DR,Will Attend,,,,
PvNc9,Female,Public,GA,3.73,4.30,650,610,630,,Top 25%,Will Attend,,,,
QHxtv,Male,Private,MA,3.50,3.75,,,,31,DR,Will Attend,,,,
QJJxU,Male,Private,,4.00,4.00,760,590,730,,1 of 25,Will Attend,,,,
rfree,Female,Private,,4.00,,,,,33,1 of 14,Accepted,,,,
SncAA,Female,Private,,,,700,630,630,,Top 25%,Wait-Listed,,,,
SorryImRich,Male,Public,NH,3.16,3.20,660,660,650,29,DR,Accepted,,,,
SwzsP,Female,Public,CA,4.00,4.81,800,710,710,34,5 of 450,Accepted,,,,
T6mk4,Female,Private,NY,3.73,3.79,,,,,DR,Accepted,,,,
tahun,Female,Public,CA,3.92,4.16,630,700,730,30,21 of 242,Accepted,,,,
tcikR,Male,Private,,1.00,1.00,,,,,DR,Will Attend,,,,
UrHzr,Male,Public,NJ,4.00,4.30,720,750,690,,Top 10%,Accepted,,,,
uzm2d,Male,Public,CA,3.94,4.01,550,630,640,24,DR,Denied,,,,
V9SNk,Male,Public,WA,3.50,,,,,,158 of 500,Wait-Listed,,,,
VG3v5,Female,Public,GA,,,,,,,271 of 577,Will Attend,,,,
XHDsk,Male,,NY,,,,,,,,Will Attend,,,,
XjaR2,Male,Public,NY,3.60,,640,480,560,,Top 10%,Will Attend,X,,,
xnoU7,Female,Public,GA,4.00,4.30,,,,33,Top 10%,Accepted,,,,
XQYeu,Female,,NY,3.00,3.00,,,,,Top 25%,Accepted,,,,
,?,?,?,?,?,?,?,?,?,?,?,?,
2D5yS,Male,Public,NC,3.50,4.87,800,730,34,DR,Wait-Listed,,,,
2NM6F,Male,Public,NJ,4.00,4.72,790,720,35,1 of 155,Wait-Listed,,,,
2QL4v,Male,Public,MA,3.30,3.71,580,540,,22 of 100,Denied,,,,
4vE5y,Male,Public,IL,3.33,3.56,,,25,DR,Wait-Listed,,,,
55Kjg,Male,Public,TX,,,,,,,Will Attend,,,,
5trm3,Female,Public,NC,4.00,4.83,,,36,Top 25%,Accepted,,,,
8ck2V,Female,,NY,2.88,,,,33,DR,Will Attend,,,,
9BCEU,Male,Parochial,NY,3.50,3.70,660,660,32,20 of 200,Wait-Listed,,,,
ALBTK,Male,Public,FL,,,,,,,Will Attend,,,,
alishatandon,Female,Public,MD,3.44,3.85,,,,DR,Will Attend,,,,
aRyXs,Male,Public,TX,3.60,3.70,700,790,,98 of 384,Will Attend,,,,
award,Female,Private,GA,3.33,3.53,600,630,,DR,Accepted,,,,
azasha,Female,Parochial,,,,,,,Top 10%,Will Attend,,,,
BBBFBBB,Female,Public,MA,3.49,4.02,750,660,,DR,Denied,,,,
beachhouse2,Male,Public,CT,3.88,4.23,690,670,29,Top 10%,Wait-Listed,,,,
bolu,Female,,NY,,,,,,1 of 141,Will Attend,,,,
camwow,Female,Public,VA,3.35,3.90,680,630,,Top 25%,Accepted,,,,
ck4WN,Female,Public,FL,3.75,4.63,,,,151 of 1142,Will Attend,,X,,
CRkTv,Male,Public,FL,4.00,4.54,,,35,1 of 260,Accepted,,,,
Delo,Male,Public,AL,2.70,2.70,,,18,Top 50%,Wait-Listed,,,,
EBcqQ,Male,Public,MD,3.42,4.97,,,,75 of 487,Will Attend,X,,,
Esquiq,Male,Parochial,TN,3.93,,700,750,32,Top 10%,Accepted,,,,
fMVgM,Male,Private,MI,3.00,3.40,710,710,33,Top 50%,Denied,,,,
FPJBw,Female,Private,AL,3.80,3.50,,,32,5 of 50,Will Attend,,,,
Ghdjfh12,Female,Private,,3.70,,,,27,3 of 80,Denied,,,,
hbrTY,Male,,,,,,,,,Denied,,,,
iqieM,Male,Public,GA,3.00,,,,,78 of 233,Will Attend,,,,
iYi5H,Female,Public,MD,3.80,4.40,,,29,DR,Will Attend,X,,,
J2q7e9g8,Female,Public,CT,,4.09,,,29,Top 10%,Accepted,,,,
jjY6W,Female,Public,CA,3.84,4.21,,,,Top 25%,Accepted,,,,
Jmwsp,Male,Private,CA,3.76,,,,35,Top 10%,Accepted,,,,
joe_m6,Male,Public,UT,3.78,,,,33,131 of 486,Accepted,,,,
jQTXn,Female,Public,AZ,3.00,3.70,,,30,Top 25%,Accepted,,,,
jWTkA,Male,Public,GA,3.86,4.34,,,,,Accepted,,,,
Jyodi,Female,Parochial,NY,4.00,4.30,700,800,,3 of 80,Will Attend,,,,
k1clure1k,Female,Public,CA,3.90,4.20,680,670,30,5 of 89,Wait-Listed,,,,
k8yxa,Female,Private,FL,2.80,,,,28,DR,Denied,X,,,
kiw3J,Male,Public,VA,3.77,3.97,,,,117 of 639,Will Attend,,,,
Klemense,Male,Private,,3.93,,,,34,Top 10%,Accepted,,,,
kmeyer98,Female,Private,NY,3.40,,,,22,DR,Will Attend,X,X,,
kYDS7,Male,Public,MA,3.77,4.09,,,31,DR,Accepted,,,,
lamkg,Male,Public,CA,3.81,,,,,DR,Wait-Listed,X,,,
LERRe,Female,Public,MA,3.65,4.06,690,660,,Top 25%,Wait-Listed,,,,
npernas17,Male,Parochial,OR,3.69,3.84,730,710,30,Top 10%,Accepted,,,,
npQF3,Female,Public,FL,4.00,4.85,,,,2 of 637,Accepted,,,,
o5UzJ,Male,Private,,3.20,3.60,,,,Top 10%,Will Attend,X,,,
p9bLy,Male,Parochial,NY,3.96,,750,760,,Top 10%,Will Attend,,X,,
q3gKt,Male,Private,CA,3.00,,,,,Top 10%,Will Attend,,,,
q8SqP,Male,Public,NY,4.00,4.00,,,33,,Accepted,,,,
QmumV,Male,Public,NC,3.97,,,,,49 of 521,Will Attend,,,,
,?,?,?,?,?,?,?,?,?,?,?,?,
1932,Female,Public,FL,3.44,4.41,470,540,19,20 of 600,Applied,,,,
2MRGF,Female,Public,IL,,3.90,,,30,DR,Applied,,,,
2Mzv4,Male,Public,CA,3.30,3.38,,,31,Bottom 50%,Applied,,,,
2NeP3,Female,,,3.75,,,,,17 of 54,Applied,X,X,,
2NquC,Female,Parochial,PA,,4.10,790,570,,Top 10%,Applied,,,,
3473230699,Female,Parochial,NY,3.80,4.00,530,650,,17 of 123,Applied,,,,
3bcRZ,Male,,,4.00,5.00,600,600,,Top 10%,Applied,,,,
3JcWp,Female,Public,WA,3.84,4.55,,,34,70 of 350,Applied,,,,
3LW3o,Female,Private,,3.50,3.90,800,720,,Top 25%,Applied,,,,
3NAbU,Female,Public,NH,3.85,4.50,,,34,20 of 422,Applied,,,,
4Kc4g,Female,Private,MA,3.00,3.05,720,610,,DR,Applied,,,,
4LrqE,Male,Public,VA,4.00,4.51,650,640,29,40 of 477,Denied,,X,,
52HSK,Female,Public,CA,,,,,32,,Applied,,,,
56yc5,Male,,,3.55,4.44,750,630,,DR,Applied,,,,
57AyJ,Male,Public,CA,3.79,4.44,,,,Top 10%,Accepted,,,,
5iqgZ,Female,Public,VA,3.96,4.35,,,29,32 of 321,Applied,,,,
5QTNn,Female,Public,NJ,4.00,4.60,,,,9 of 172,Applied,,,,
67yZX,Male,Public,OH,3.79,,,,33,10 of 65,Applied,,,,
6BLwR,Female,Public,NY,3.80,3.90,580,670,23,DR,Applied,,,,
6GqYi,Female,Public,NC,3.60,4.50,,,26,87 of 551,Applied,,,,
6rYjQ,Female,Public,NY,,3.60,,,,Top 10%,Applied,,,,
6vXTp,Male,Private,,3.81,3.81,800,690,,DR,Applied,,,,
6wLwv,Female,Public,NY,3.90,3.96,700,700,30,Top 10%,Applied,,,,
7aHc2,Male,Parochial,PR,,,,,,,Applied,,,,
7aw8a,Male,Parochial,PR,4.00,4.50,690,660,,5 of 83,Applied,,,,
7LJbc,Male,Public,FL,,,,,,,Applied,,,,
7sw8p,Male,Parochial,CA,3.67,3.88,,,30,DR,Accepted,,,,
7UwQ7,Male,Public,WI,4.00,4.60,,,34,Top 10%,Applied,,,,
82dwD,Male,Public,NJ,,,,,,,Will Attend,,,,
8CbXF,Female,,NY,3.90,,,,,Top 10%,Applied,,,,
8Cjdo,Female,Public,NY,3.60,3.70,520,650,24,63 of 666,Applied,,,,
8CpEh,Female,Private,MD,3.50,3.80,700,710,,DR,Applied,,,,
8V9is,Male,,,3.83,4.01,800,730,,DR,Wait-Listed,X,,,
a3Mbx,Female,Public,PA,3.29,3.50,670,630,24,Top 50%,Applied,,,,
A5if9,Female,Public,KY,3.82,4.13,,,30,11 of 327,Applied,,,,
ABCD_oregon,Female,Parochial,OR,3.93,4.30,790,680,,Top 10%,Applied,,,,
aBGQu,Female,Private,MA,3.82,4.03,660,730,,30 of 160,Applied,X,,,
abru,Female,Public,NJ,3.70,3.85,740,740,,Top 25%,Applied,,,,
Ade,Male,Public,NJ,3.33,3.39,750,750,,Top 25%,Applied,,,,
aiEYa,Male,Public,CA,3.00,3.30,650,560,25,Top 25%,Applied,,,,
aishwarya,Female,Private,,4.00,,770,700,,1 of 150,Applied,X,,,
aKpte,Male,Public,FL,,,,,,,Will Attend,,,,
andrewchi,Male,Public,NY,3.30,,650,680,29,DR,Applied,X,,,
AqNqF,Male,Public,GA,3.50,3.75,,,29,Top 50%,Applied,,,X,
ashely,Female,Public,CA,,,,,,,Will Attend,,X,,
asiST,Female,Public,NY,3.66,,610,670,,DR,Applied,,,,
AtWmF,Male,Public,OH,3.65,4.00,,,33,Top 10%,Applied,,,,
AyaMaya,Female,Private,IN,3.75,3.98,670,710,32,DR,Wait-Listed,,,,
ayi4o,Male,,,3.80,4.10,,,,DR,Applied,,,,
B6LS2,Male,Private,NJ,4.00,,790,750,35,DR,Applied,,,,
,?,?,?,?,?,?,?,?,?,?,?,?,
3Micf,Female,Public,FL,3.70,4.60,,,,Top 10%,Applied,,,,
4GxN3,Male,Public,AZ,3.30,3.45,,,,DR,Will Attend,,,,
4KMiJ,Female,Public,NY,3.50,3.00,,,,74 of 121,Applied,,,,
5knRk,Male,Public,NY,3.30,4.00,600,630,,Top 25%,Applied,,,,
A2bxB,Male,Private,NM,4.00,4.00,720,660,30,10 of 200,Accepted,X,,,
ac7a7,Male,Private,,3.50,3.50,780,640,,4 of 120,Applied,,,,
Ad,Male,Private,,,4.00,,,,Top 10%,Accepted,,,,
ApWhi,Female,Public,TN,3.42,,,,24,DR,Applied,,,,
Bhb6H,Female,Public,UT,3.80,,,,,30 of 500,Applied,,,,
Domokitty124,Female,Public,TX,,,,,,,Accepted,,,,
Hammed74,Male,Public,PA,3.70,,700,620,31,50 of 1194,Applied,,,,
iAd4c,Female,Public,NJ,3.75,4.39,,,30,Top 10%,Applied,,X,,
LReMP,Male,Public,NY,3.50,4.10,750,720,,76 of 338,Will Attend,X,,,
morningrae124,Female,Private,NM,4.00,3.45,,,21,2 of 18,Applied,,,,
n2xhr,Female,Public,NY,3.60,3.70,730,670,32,DR,Applied,,,,
P9jPp,Female,Public,TX,4.00,3.91,740,760,32,14 of 892,Applied,,,,
pomtree,Male,Public,WA,3.81,,740,710,,Top 25%,Applied,,X,,
pran,Female,Public,CA,3.90,4.30,780,700,,43 of 688,Applied,,,,
Pv9ZW,Female,Public,OH,4.00,5.00,,,31,DR,Applied,,,,
RdXbT,Female,Public,TN,4.00,5.00,720,670,36,1 of 200,Applied,,,,
S8vep,Female,Public,TN,4.00,5.00,800,800,36,1 of 328,Applied,,,,
starjoe1000,Male,Public,NC,3.89,4.20,,,,Top 25%,Applied,,,,
Wicyp,Female,Public,TN,4.00,5.00,800,800,36,1 of 398,Accepted,,,,
Y6xo8,Female,Public,TN,4.00,5.00,760,670,29,1 of 200,Applied,,,,
YacZ5,Male,Public,NY,,,,,,,Withdrawn,,,,
ZMQ8A,Female,Public,NC,3.00,3.52,520,530,,33 of 55,Applied,,,,
zPwsX,Male,Public,NJ,,,,,,,Will Attend,,,,
,?,?,?,?,?,?,?,?,?,?,?,?,
AALIYAH,Female,Public,NY,,,,,,DR,Applied,,,,
ilanap,Female,Public,FL,2.80,3.00,,,31,351 of 488,Applied,,,,
Jpokm,Female,,TX,3.91,5.00,750,770,,24 of 919,Applied,,,,
kSvE9,Female,Private,,3.90,,520,620,,Top 10%,Accepted,,,,
Mq5GC,Male,Public,AZ,3.70,3.70,700,700,,,Accepted,,,,
pnvBS,Male,Private,MI,3.60,4.40,,,36,Top 25%,Applied,,,,
Swpwy,Male,Public,KY,,,,,,,Will Attend,,,,
tanisha12,Female,Public,NY,4.00,3.00,,,,DR,Will Attend,,,,
